node_id,location
6361519490,大阪府 松原市
8242064818,宮城県 七ヶ宿町
5972234387,兵庫県 神戸市
268243581,徳島県 徳島市
8905740427,長野県 野沢温泉村
2014668794,福井県 鯖江市
11512658640,石川県 志賀町
12856481958,大分県 別府市
6507833858,福岡県 大木町
9293215786,沖縄県 宮古島市
9819299117,愛知県 名古屋市
13047573498,江戸川区
3486469787,神奈川県 横浜市
6678118876,千葉県 東金市
10158899715,大阪府 東大阪市
6510554973,鹿児島県 霧島市
9817566625,愛知県 名古屋市
6483300845,大分県 杵築市
6418059979,群馬県 下仁田町
5472500516,愛媛県 今治市
6728721719,神奈川県 秦野市
10287734738,香川県 高松市
6466541641,広島県 呉市
6566820445,愛媛県 松山市
6549848539,栃木県 大田原市
6586874185,江戸川区
6521477921,熊本県 和水町
6475610605,兵庫県 南あわじ市
5808630975,墨田区
6313737687,兵庫県 尼崎市
12570593324,岡山県 岡山市
6435176185,足立区
6513144849,鹿児島県 さつま町
6854494356,富山県 富山市
6520566172,熊本県 五木村
4271455115,鹿児島県 三島村
6469999226,群馬県 長野原町
3186060461,山口県 岩国市
11559697171,大阪府 豊中市
13406751135,徳島県 板野町
6520732970,熊本県 熊本市
6713412488,多摩市
7409645472,兵庫県 尼崎市
5829109250,江東区
4605104489,神奈川県 箱根町
5160785822,栃木県 日光市
9123890816,長野県 山ノ内町
4622724851,山口県 長門市
6665353987,岡山県 岡山市
5474538427,神奈川県 川崎市
5212887032,長野県 松本市
5408681248,大阪府 大阪市
4535410684,秋田県 仙北市
6483948097,宮崎県 西都市
4356790717,北海道 北斗市
4242363192,山梨県 北杜市
6332717441,岐阜県 可児市
6531359529,岐阜県 羽島市
6313477109,栃木県 栃木市
6486034261,鹿児島県 鹿屋市
6520448955,鹿児島県 霧島市
5104538927,和歌山県 田辺市
6330087239,鹿児島県 霧島市
6464013186,中央区
5563503546,大阪府 堺市
6476789165,島根県 大田市
6894843190,和歌山県 和歌山市
6516290638,大分県 九重町
5930815696,北海道 羅臼町
5224243525,大阪府 大阪市
5332520552,北海道 新得町
7333774285,大阪府 大阪市
6029038608,大阪府 寝屋川市
6305032399,北海道 白老町
9817775323,愛知県 名古屋市
6498269772,熊本県 天草市
6813833556,長野県 安曇野市
6435175886,足立区
6487285543,鹿児島県 垂水市
6448934108,秋田県 湯沢市
6654540565,福井県 福井市
12083303569,福岡県 朝倉市
6350171579,長野県 佐久市
6033500735,大阪府 門真市
2722705337,大田区
7053504498,茨城県 石岡市
7157919385,埼玉県 さいたま市
8278599864,静岡県 伊東市
3833604259,長崎県 雲仙市
5851766773,岐阜県 飛驒市
9691544932,愛知県 名古屋市
4872104821,北海道 上川町
3731342309,神奈川県 横須賀市
6481020444,徳島県 美馬市
5821844977,岡山県 倉敷市
6711181086,北海道 羅臼町
10815611581,福島県 福島市
4708341094,静岡県 伊豆市
6477971788,高知県 南国市
6457265004,荒川区
9817566620,愛知県 名古屋市
2286379666,宮城県 蔵王町
7308678686,鳥取県 三朝町
6680114563,北海道 札幌市
5612703922,新潟県 上越市
6518718330,大分県 宇佐市
6332846047,大分県 中津市
5712551856,愛知県 名古屋市
13373331822,長崎県 長崎市
6680868265,静岡県 伊豆市
5271548623,大阪府 高槻市
6055078588,中野区
7682843662,富山県 上市町
8842212099,群馬県 草津町
6521528404,熊本県 和水町
6505033891,佐賀県 武雄市
7933442085,葛飾区
7514211591,大阪府 堺市
6124532271,新宿区
11346409998,富山県 黒部市
12885061720,群馬県 榛東村
6714907774,神奈川県 横浜市
12566665252,鳥取県 米子市
5179658983,北海道 新冠町
6396089800,長野県 長野市
1936284550,千葉県 船橋市
1631143932,鹿児島県 中種子町
6332853656,大分県 中津市
6501955139,長崎県 長崎市
6487423898,鹿児島県 垂水市
6685654878,神奈川県 秦野市
6364223795,大阪府 松原市
9813771611,山口県 美祢市
9817566719,愛知県 名古屋市
9817905323,愛知県 蒲郡市
10569733271,奈良県 香芝市
4361853724,鹿児島県 鹿児島市
6495176095,熊本県 八代市
2924055460,兵庫県 神戸市
2598309169,秋田県 仙北市
5612752121,新潟県 妙高市
13149445001,徳島県 神山町
4805562272,兵庫県 丹波篠山市
6894883496,和歌山県 和歌山市
9951384848,長野県 伊那市
6344060189,中野区
1074587410,長野県 野沢温泉村
6487929396,鹿児島県 姶良市
11556226448,北海道 上川町
6520674099,熊本県 熊本市
6888580906,兵庫県 神戸市
2886936436,愛知県 名古屋市
9817911418,愛知県 春日井市
11253444706,沖縄県 沖縄市
9620281456,和歌山県 那智勝浦町
6483980764,宮崎県 新富町
1948726363,長野県 松本市
6457265005,荒川区
5727676687,北海道 札幌市
9992417019,栃木県 那須塩原市
12110004703,山梨県 身延町
13011535680,北海道 弟子屈町
7140685814,兵庫県 尼崎市
6513469020,熊本県 多良木町
6361573628,江戸川区
9817767619,愛知県 名古屋市
3655518996,北海道 南幌町
6242903680,長野県 飯綱町
6435492985,板橋区
6435393385,板橋区
10571984135,千葉県 八街市
5534847622,奈良県 王寺町
6514785478,大分県 日田市
5968301099,大阪府 寝屋川市
6539413639,山形県 天童市
5441387233,大阪府 大阪市
6347425790,神奈川県 座間市
6516589807,熊本県 南阿蘇村
3079572083,北海道 豊浦町
6487651405,鹿児島県 霧島市
7857831652,愛知県 名古屋市
5104692925,長野県 山ノ内町
13358571018,静岡県 富士市
9395938457,群馬県 草津町
6510790484,鹿児島県 霧島市
6347419689,足立区
2154437120,品川区
5288751558,静岡県 川根本町
6494923080,熊本県 芦北町
2046570832,神奈川県 箱根町
5948056788,大阪府 守口市
9817586820,愛知県 名古屋市
1789703595,あきる野市
8836014447,群馬県 草津町
6531464850,青森県 むつ市
5537870457,福島県 いわき市
3879956156,静岡県 伊東市
4783927722,大阪府 高槻市
6516144203,熊本県 小国町
5256788696,長崎県 佐世保市
6518271113,大分県 中津市
5175975724,大阪府 大東市
6499444783,熊本県 玉名市
6239165649,静岡県 川根本町
13412431544,岡山県 岡山市
6594726503,北海道 清里町
4734367163,神奈川県 川崎市
5873736280,群馬県 前橋市
6408687851,青森県 田舎館村
6548685671,茨城県 大子町
6853147998,和歌山県 新宮市
6305054970,北海道 白老町
9802492932,北海道 函館市
6515941167,熊本県 南小国町
8898315697,群馬県 草津町
12756731465,長野県 小谷村
352889243,大分県 由布市
6408773646,青森県 板柳町
6499451013,熊本県 玉名市
6654859261,福井県 越前町
6634785928,山梨県 笛吹市
12846421710,鹿児島県 屋久島町
6332502688,岐阜県 多治見市
6506017054,佐賀県 唐津市
12848612754,愛知県 長久手市
6359673390,葛飾区
5872452607,滋賀県 大津市
4778177270,鹿児島県 指宿市
6530591574,岐阜県 海津市
6121738294,神奈川県 横浜市
6477941092,高知県 安芸市
9691544940,愛知県 名古屋市
6687031425,神奈川県 横浜市
5232231042,大阪府 東大阪市
6521700161,熊本県 山鹿市
6511343856,鹿児島県 霧島市
7126045286,練馬区
5532642599,北海道 富良野市
12859917501,茨城県 つくば市
3654797800,福岡県 柳川市
10815528907,福島県 福島市
8566373522,埼玉県 熊谷市
9958001935,島根県 松江市
5948052016,大阪府 守口市
6516106735,熊本県 小国町
11927248734,埼玉県 上尾市
12373111521,鹿児島県 指宿市
6521322478,熊本県 山鹿市
3178201161,栃木県 栃木市
6475946966,香川県 土庄町
7151233093,北海道 清里町
9817911617,愛知県 江南市
13124363145,福島県 柳津町
6482204693,大分県 宇佐市
3129179544,福島県 下郷町
6413661854,山梨県 市川三郷町
11176317976,鹿児島県 鹿児島市
11495859469,愛知県 常滑市
6497761583,熊本県 天草市
6224353517,奈良県 大和高田市
11226694932,宮城県 仙台市
6505632525,佐賀県 玄海町
11424236032,?
5553711636,大阪府 四條畷市
6510482416,鹿児島県 霧島市
2268209176,京都府 京都市
6532240976,青森県 三沢市
6464701396,世田谷区
2286395814,宮城県 蔵王町
9623786262,京都府 精華町
6495126825,熊本県 芦北町
6944413298,岡山県 岡山市
3494267182,神奈川県 横浜市
6487763094,鹿児島県 姶良市
5808899475,熊本県 南小国町
6478135975,高知県 いの町
2177251258,千葉県 富津市
5177818024,大阪府 大東市
2139880384,狛江市
13645556601,鹿児島県 鹿児島市
4846907900,和歌山県 有田市
6018611625,愛知県 岡崎市
6509036720,福岡県 遠賀町
6443623647,大阪府 大阪市
3918009230,大田区
6487859119,鹿児島県 姶良市
6550938159,栃木県 宇都宮市
12174757542,北海道 壮瞥町
12089617905,長野県 安曇野市
6303448232,北海道 黒松内町
11005200017,岐阜県 下呂市
2440397986,大田区
9711240471,千葉県 多古町
6514663086,大分県 九重町
6498980004,鹿児島県 長島町
9817775119,愛知県 名古屋市
4461125897,北海道 札幌市
4238894598,北海道 弟子屈町
4394290401,大阪府 大阪市
6511263911,鹿児島県 霧島市
9939753921,北海道 釧路市
9519265697,京都府 京都市
8490985332,香川県 高松市
8375903222,板橋区
6512468672,宮崎県 えびの市
8827004691,神奈川県 箱根町
9817586923,愛知県 名古屋市
6357971942,新宿区
6518601586,愛媛県 西条市
6487416257,鹿児島県 垂水市
4076240694,北海道 新得町
6515021009,大分県 日田市
9920254620,千葉県 館山市
8296072674,愛媛県 今治市
6436146986,足立区
2237716796,大分県 中津市
3380998304,大田区
9938525394,栃木県 那須町
6513067244,鹿児島県 さつま町
10011870424,三重県 伊勢市
5893977037,徳島県 三好市
7705100685,江戸川区
13137866801,北海道 釧路市
12112735548,鳥取県 湯梨浜町
4788010523,和歌山県 白浜町
5297193927,大阪府 泉南市
5870340286,滋賀県 彦根市
728270555,和歌山県 紀の川市
9820263218,岐阜県 下呂市
6489646463,鹿児島県 南さつま市
5311813240,墨田区
6939182887,和歌山県 御坊市
6537580793,新潟県 十日町市
6505341486,佐賀県 唐津市
8356128767,熊本県 小国町
6464748985,江東区
2584332992,台東区
6726540091,大阪府 八尾市
2779384662,神奈川県 横浜市
304416306,高知県 北川村
10664129311,北海道 足寄町
4721635278,兵庫県 神戸市
11629287441,北海道 泊村
6169976048,佐賀県 みやき町
5467069999,鹿児島県 屋久島町
6491318583,鹿児島県 出水市
6513302028,熊本県 人吉市
9819167017,愛知県 一宮市
11944740657,福岡県 福岡市
11810635972,北海道 旭川市
4324675419,奈良県 十津川村
6516584257,熊本県 阿蘇市
9719927517,新潟県 村上市
9739267489,岐阜県 恵那市
13245241265,静岡県 沼津市
6522721884,熊本県 山鹿市
6528353143,北海道 美唄市
9939753920,北海道 釧路市
6515269887,福岡県 嘉麻市
7815147386,葛飾区
6026458586,長野県 野沢温泉村
9817775324,愛知県 名古屋市
5307975522,大阪府 貝塚市
9838889635,北海道 斜里町
5377531228,大阪府 大阪市
4783888526,大分県 別府市
6491697641,鹿児島県 出水市
11578459018,長野県 軽井沢町
12174093636,兵庫県 神河町
5643018464,台東区
6539440919,足立区
9817911420,愛知県 北名古屋市
6513641557,宮崎県 日之影町
6415916754,山梨県 笛吹市
5731493848,大阪府 大阪市
9352849287,埼玉県 和光市
9817586817,愛知県 名古屋市
7740572534,茨城県 常陸太田市
6290603038,長野県 長野市
6651408518,群馬県 桐生市
10229760328,大阪府 大阪市
8455975366,大分県 別府市
6436307501,岐阜県 恵那市
10239731548,大阪府 大阪市
13081022727,長野県 上田市
6421339685,足立区
12465014401,北海道 洞爺湖町
6505057139,佐賀県 伊万里市
9719924572,新潟県 村上市
10951142745,香川県 琴平町
12432239316,富山県 黒部市
6482152982,大分県 豊後高田市
6702010766,栃木県 日光市
11253444707,沖縄県 沖縄市
9468641743,大阪府 大阪市
12422063268,京都府 京都市
13201180472,福島県 福島市
5570688321,大阪府 堺市
1935060093,三重県 志摩市
11012076265,静岡県 東伊豆町
7802253728,静岡県 東伊豆町
5730719295,埼玉県 川口市
13070061168,岡山県 真庭市
7343073858,静岡県 伊東市
6676228908,大阪府 河内長野市
6516358829,大分県 九重町
6516307860,大分県 九重町
4200225105,新潟県 新潟市
5576408468,福岡県 朝倉市
5933649694,鹿児島県 鹿児島市
6516450262,熊本県 阿蘇市
6496467354,熊本県 宇城市
5305922625,長崎県 波佐見町
6436504329,三重県 桑名市
2534597262,大田区
6712516981,神奈川県 横浜市
5704347808,福島県 須賀川市
6502172392,長崎県 諫早市
12620580478,新潟県 南魚沼市
6669808068,千葉県 佐倉市
5660941488,新潟県 妙高市
5838232838,江東区
8676289017,墨田区
9840917242,茨城県 ひたちなか市
6507413292,福岡県 久留米市
6544708305,福島県 福島市
6326824462,福井県 福井市
3134799768,大田区
5350733340,大阪府 岸和田市
6432209033,千葉県 南房総市
7359576668,静岡県 御殿場市
6616787810,北海道 江差町
12709848910,山形県 山形市
6488076411,岐阜県 高山市
2555538322,品川区
4148430256,秋田県 仙北市
1467565515,北海道 函館市
6514792050,大分県 日田市
6513279134,熊本県 人吉市
6457502686,豊島区
9817775317,愛知県 名古屋市
6463473885,千代田区
7168788709,青森県 青森市
8659285885,新潟県 新潟市
3388744151,杉並区
7798291385,品川区
6660427435,広島県 廿日市市
6538475497,新潟県 湯沢町
4667642149,奈良県 十津川村
6347419693,府中市
4229642062,京都府 京都市
4326352706,千葉県 船橋市
8810897385,大阪府 堺市
6491242236,鹿児島県 出水市
5387238298,荒川区
9838889636,北海道 斜里町
6513217533,鹿児島県 伊佐市
6712018870,杉並区
7279051585,神奈川県 川崎市
6514772494,大分県 日田市
2507563944,北海道 石狩市
4671876091,北海道 蘭越町
6520837042,熊本県 熊本市
6483909267,宮崎県 日向市
6308562578,北海道 札幌市
5487043981,荒川区
4885679119,滋賀県 草津市
9820263219,岐阜県 岐阜市
6114352910,大阪府 東大阪市
6518710996,大分県 宇佐市
6854731512,三重県 尾鷲市
6497774593,熊本県 天草市
11786716756,大分県 大分市
6919540299,愛知県 新城市
5995089285,兵庫県 神戸市
6402119562,群馬県 渋川市
7238189072,秋田県 大館市
2888880928,愛知県 名古屋市
4535362661,秋田県 仙北市
6512294435,鹿児島県 湧水町
4789974154,香川県 東かがわ市
5553711440,大阪府 大東市
4443077787,兵庫県 尼崎市
6501890848,長崎県 雲仙市
6538477199,新潟県 南魚沼市
10951517745,熊本県 南小国町
4996585825,宮城県 多賀城市
6700050460,静岡県 磐田市
6322050145,長野県 山ノ内町
2290259198,宮城県 大崎市
7293686186,福岡県 筑紫野市
5374586238,大阪府 大阪市
6485588357,鹿児島県 鹿屋市
11542181638,長野県 諏訪市
4996513024,長崎県 雲仙市
6121732984,神奈川県 横浜市
7398048797,兵庫県 加古川市
6865699414,兵庫県 明石市
6483988522,宮崎県 宮崎市
8006177787,愛知県 一宮市
6514718423,大分県 玖珠町
5073706537,大阪府 大阪市
5858769258,神奈川県 相模原市
6681744319,三重県 亀山市
6436146685,足立区
8289886846,愛媛県 今治市
6515763961,福岡県 添田町
9817586917,愛知県 名古屋市
7254777640,北海道 札幌市
6475152986,長野県 松本市
10816111250,愛知県 稲沢市
6329012159,岡山県 倉敷市
6482169491,大分県 宇佐市
6521455652,熊本県 和水町
2119527509,東京都
7187873685,荒川区
6483336035,大分県 大分市
12177440924,鳥取県 鳥取市
6566058461,千葉県 旭市
6512675030,鹿児島県 薩摩川内市
11556178587,千葉県 袖ケ浦市
13146317216,北海道 日高町
9972602417,新潟県 新潟市
4942040086,埼玉県 羽生市
10767847405,山口県 長門市
7687918594,秋田県 男鹿市
12966456608,岡山県 西粟倉村
6512700812,鹿児島県 薩摩川内市
10281792760,青森県 十和田市
6408985193,青森県 青森市
6471682061,神奈川県 湯河原町
9817905322,愛知県 豊橋市
9817911422,愛知県 一宮市
9150882297,長野県 飯田市
7157837565,岐阜県 下呂市
3044768255,兵庫県 宍粟市
6534770318,足立区
6436147485,足立区
2500104110,杉並区
6458438187,葛飾区
3921512123,和歌山県 新宮市
6487452000,鹿児島県 垂水市
6712004875,府中市
4206712127,静岡県 沼津市
5300418728,大阪府 泉佐野市
12757320762,長野県 長野市
6513495806,宮崎県 西米良村
6440191661,富山県 入善町
2012226376,静岡県 伊東市
12961051628,沖縄県 豊見城市
9817775318,愛知県 名古屋市
6421190542,大田区
6686370593,神奈川県 三浦市
9620281457,和歌山県 那智勝浦町
5727041325,北海道 せたな町
8150362506,富山県 黒部市
6544492453,福島県 福島市
10703357767,京都府 京都市
6507395937,福岡県 小郡市
6517626720,大分県 中津市
9219672574,福岡県 福岡市
6505184512,佐賀県 唐津市
5212852627,京都府 京都市
6533296039,秋田県 北秋田市
6501325595,静岡県 湖西市
4936325331,大阪府 東大阪市
6485868527,鹿児島県 錦江町
12756731464,長野県 小谷村
7916818470,岐阜県 高山市
5308507791,静岡県 伊豆市
11793983478,石川県 金沢市
6510717569,鹿児島県 霧島市
6331484055,福井県 勝山市
6483934095,宮崎県 高鍋町
2265516147,宮城県 石巻市
6483592020,大分県 佐伯市
6488055454,鹿児島県 姶良市
3037064357,山口県 周南市
9136959916,千葉県 千葉市
3832327966,長崎県 雲仙市
9822556655,大阪府 八尾市
9819299417,愛知県 名古屋市
6493258796,熊本県 水俣市
10595395388,千代田区
6043831888,香川県 坂出市
6515898039,大分県 竹田市
6334528457,広島県 福山市
6843665486,和歌山県 那智勝浦町
6843761096,和歌山県 那智勝浦町
6347419586,葛飾区
2843000451,福島県 柳津町
6457138185,豊島区
4563460290,大分県 中津市
1275285609,和歌山県 田辺市
6712502727,神奈川県 横浜市
11048839704,新潟県 湯沢町
6458438885,葛飾区
2970208333,奈良県 十津川村
6469161159,和歌山県 湯浅町
10815515264,福島県 福島市
6401852142,栃木県 日光市
6515712620,福岡県 田川市
9876593439,北海道 旭川市
10312922782,千葉県 木更津市
4561863088,鹿児島県 十島村
2476119121,北海道 札幌市
6853181290,和歌山県 新宮市
6437500990,江戸川区
6685953913,神奈川県 藤沢市
6514774067,大分県 玖珠町
6483427559,大分県 大分市
3086924428,和歌山県 田辺市
6728595528,大阪府 大阪市
11566596669,大阪府 寝屋川市
6712042865,世田谷区
5775448851,練馬区
6520736682,熊本県 菊池市
6496647299,熊本県 宇土市
10677312623,静岡県 富士市
6496476743,熊本県 宇城市
4350399284,富山県 南砺市
6483595204,大分県 佐伯市
5675046171,長野県 軽井沢町
12134146325,島根県 松江市
9941251548,山梨県 南アルプス市
6393773368,北海道 標茶町
6457265894,荒川区
13255278248,兵庫県 神戸市
12759731058,福岡県 うきは市
10542921371,京都府 与謝野町
6416266653,山梨県 南部町
13068366366,滋賀県 甲賀市
6797844259,大分県 由布市
9326257399,長野県 南木曽町
8625641209,北海道 札幌市
6463426187,墨田区
6516137400,熊本県 小国町
6840125386,和歌山県 田辺市
11362522032,熊本県 南小国町
12620570402,新潟県 湯沢町
2408310492,京都府 京都市
4590235155,府中市
1683229532,神奈川県 横浜市
6484244879,宮崎県 宮崎市
4470931396,東京都
5103900374,町田市
6489538851,鹿児島県 鹿児島市
6458132385,台東区
6520831270,熊本県 菊池市
2982288862,大田区
6482390513,福岡県 豊前市
2013584387,静岡県 伊東市
3687591052,鹿児島県 肝付町
6302677970,青森県 青森市
11700772885,大田区
4247932806,埼玉県 嵐山町
11085357319,高知県 高知市
6510096077,福岡県 北九州市
9817586818,愛知県 名古屋市
12249335168,神奈川県 相模原市
6436146988,足立区
2924055457,兵庫県 神戸市
10285799628,大阪府 堺市
6515882332,大分県 竹田市
5894300022,北海道 弟子屈町
12735204224,熊本県 山鹿市
6464737380,島根県 江津市
6680807425,静岡県 沼津市
13155102577,墨田区
7884164710,栃木県 宇都宮市
6939207685,和歌山県 由良町
6517616000,大分県 中津市
12328273601,福島県 猪苗代町
12193973721,佐賀県 武雄市
5041433921,東京都
5406948197,佐賀県 佐賀市
7108432988,新潟県 弥彦村
12252928307,高知県 四万十町
6694501947,奈良県 川上村
5289000729,兵庫県 神戸市
6521566201,熊本県 和水町
12853320115,神奈川県 厚木市
6481779705,高知県 馬路村
6512561530,宮崎県 えびの市
10989107505,岐阜県 高山市
10200927004,大田区
6489614042,鹿児島県 枕崎市
6711371538,埼玉県 さいたま市
10539273797,埼玉県 吉川市
6353398289,大阪府 藤井寺市
6436146990,葛飾区
6477073086,千葉県 船橋市
6512473331,宮崎県 えびの市
5458547939,大阪府 大阪市
9039378626,北海道 札幌市
3268414367,品川区
5436853558,世田谷区
3382168800,大田区
6332684539,岐阜県 可児市
6517228263,大分県 竹田市
7418414784,秋田県 北秋田市
2128607834,東京都
5323155226,新潟県 長岡市
5505636022,大阪府 大阪市
6175068199,愛媛県 今治市
6463734487,世田谷区
6416325719,山梨県 韮崎市
9820263319,岐阜県 下呂市
5278731526,大阪府 大阪市
6360165212,新宿区
6462193186,台東区
6738166368,兵庫県 川西市
9817905318,愛知県 瀬戸市
3078012809,山梨県 山梨市
6678071257,千葉県 八街市
6457265895,荒川区
6463830485,杉並区
6511195081,鹿児島県 霧島市
6512289062,鹿児島県 湧水町
6449426832,千葉県 船橋市
6650966090,群馬県 太田市
12756675351,長野県 長野市
13234013268,宮城県 仙台市
5318299644,福島県 南会津町
6521385750,熊本県 山鹿市
9817566718,愛知県 名古屋市
7087725788,兵庫県 西宮市
7698946792,宮城県 涌谷町
11530293432,鹿児島県 鹿児島市
6521419350,熊本県 山鹿市
5126103933,山形県 南陽市
9863243653,島根県 出雲市
6680155759,静岡県 河津町
6520739698,熊本県 菊池市
6510897590,鹿児島県 霧島市
1387192895,奈良県 奈良市
4020934320,岡山県 津山市
5475588723,豊島区
8569300136,北海道 函館市
6490942520,鹿児島県 いちき串木野市
9817911421,愛知県 清須市
4757386206,宮崎県 都城市
9939753918,北海道 釧路市
6551031846,栃木県 鹿沼市
6482068540,大分県 豊後高田市
6422746271,北海道 せたな町
569014821,埼玉県 寄居町
4845611022,岐阜県 高山市
11943104955,岡山県 高梁市
9819298917,愛知県 名古屋市
6408942667,青森県 黒石市
6679933782,静岡県 熱海市
9817775320,愛知県 名古屋市
5960970014,三重県 菰野町
2417779397,青森県 青森市
6269187814,三重県 津市
9140975551,長野県 小海町
1865212801,調布市
6303252070,北海道 北斗市
9817586920,愛知県 名古屋市
6678033004,千葉県 八千代市
6511640129,宮崎県 えびの市
6241251964,北海道 赤井川村
6984882022,長崎県 雲仙市
3832356774,長崎県 雲仙市
2636641616,静岡県 河津町
5404544257,大分県 竹田市
7202918025,群馬県 嬬恋村
9942783525,和歌山県 日高川町
6939207785,和歌山県 由良町
6484003410,宮崎県 国富町
1162638594,練馬区
5116644298,北海道 札幌市
6516109894,熊本県 小国町
6127473246,武蔵野市
5160875457,台東区
12758528118,長野県 長野市
4835700656,大阪府 箕面市
1687133972,神奈川県 川崎市
5700001049,奈良県 十津川村
5456550204,栃木県 日光市
2242388777,渋谷区
6480736327,香川県 観音寺市
6894843185,兵庫県 神戸市
4127151762,熊本県 大津町
5318179366,福島県 会津若松市
8604842818,広島県 広島市
6482171934,大分県 宇佐市
3839230661,神奈川県 横須賀市
6463734488,世田谷区
6026617980,愛媛県 新居浜市
6342192289,山形県 山形市
5232334823,大阪府 東大阪市
6711402992,埼玉県 ふじみ野市
6515729665,福岡県 糸田町
6480492676,香川県 高松市
6517496922,大分県 竹田市
11070465740,長野県 中川村
12866200101,富山県 黒部市
5185600521,京都府 京都市
3949218444,沖縄県 宜野座村
6480814794,徳島県 吉野川市
7370256010,大阪府 大阪市
6503805698,長崎県 東彼杵町
13021850933,沖縄県 今帰仁村
6520736753,熊本県 熊本市
6411509486,埼玉県 さいたま市
8484609510,長野県 大鹿村
1695818744,板橋区
5808518237,北海道 室蘭市
6872902986,兵庫県 神戸市
6539524644,山形県 山形市
12156888709,青森県 黒石市
8625538794,北海道 札幌市
6521539463,熊本県 山鹿市
11576588614,山形県 尾花沢市
6033498043,大阪府 門真市
707419943,岐阜県 下呂市
6709540946,文京区
5213112624,富山県 富山市
11868287216,栃木県 日光市
8905740530,長野県 野沢温泉村
2008177750,福島県 いわき市
6515724686,福岡県 嘉麻市
7619148936,栃木県 茂木町
8625521879,北海道 札幌市
5864957891,長野県 小布施町
6065583857,滋賀県 湖南市
5240302360,千葉県 船橋市
12105407154,三重県 桑名市
12560713926,江東区
6518703766,大分県 宇佐市
13565700401,大分県 別府市
6513425244,熊本県 あさぎり町
6465992797,山口県 山陽小野田市
5463931241,大阪府 大阪市
4773807033,宮崎県 都城市
6436500957,三重県 木曽岬町
5295227457,富山県 南砺市
4916963622,秋田県 小坂町
6507361074,福岡県 筑紫野市
5209728829,宮城県 仙台市
6480312722,香川県 さぬき市
12861488937,大分県 別府市
5811641956,滋賀県 大津市
9817566619,愛知県 名古屋市
6104556487,静岡県 焼津市
6520448603,宮崎県 都城市
6502206670,長崎県 諫早市
1827195354,長野県 小海町
5281672565,大阪府 高槻市
6491286676,鹿児島県 出水市
10813957607,福島県 福島市
4607758561,鹿児島県 十島村
6466547572,広島県 呉市
6515039891,大分県 日田市
8639099266,岩手県 八幡平市
6124507698,調布市
6544480150,福島県 福島市
6305268778,北海道 むかわ町
7025236590,兵庫県 尼崎市
13073463262,岡山県 総社市
6491273725,鹿児島県 出水市
4501653544,鳥取県 湯梨浜町
5279265338,大阪府 高槻市
8889127397,岩手県 八幡平市
6498301754,熊本県 天草市
5157103345,兵庫県 神戸市
6006695595,大阪府 枚方市
6538411415,新潟県 湯沢町
6463251324,鳥取県 湯梨浜町
12542781896,大阪府 泉佐野市
11903982470,京都府 京都市
11577977698,新潟県 佐渡市
7972196486,兵庫県 伊丹市
3810710798,北海道 足寄町
6513109669,鹿児島県 さつま町
9722758030,兵庫県 尼崎市
6486880433,鹿児島県 鹿屋市
2825646877,静岡県 静岡市
2971197100,福島県 広野町
5594076124,埼玉県 狭山市
6489790689,鹿児島県 日置市
6869435288,兵庫県 明石市
6683971983,神奈川県 箱根町
6517328321,大分県 竹田市
6501874525,長崎県 雲仙市
8982696441,秋田県 大館市
7459442005,三重県 亀山市
13040175787,大分県 別府市
1744076702,千代田区
6538418955,新潟県 湯沢町
2847439495,神奈川県 横浜市
6513311981,熊本県 人吉市
9111104592,長野県 山ノ内町
6482604150,福岡県 北九州市
6357501885,茨城県 古河市
7090621046,大分県 大分市
6499897372,長崎県 島原市
1652824261,狛江市
6477687062,徳島県 阿南市
1657213967,大分県 佐伯市
7298946385,葛飾区
9817775220,愛知県 名古屋市
3832327967,長崎県 雲仙市
5957384386,高知県 いの町
5252383787,富山県 黒部市
7080362465,大分県 九重町
6501778139,京都府 京丹後市
5731412050,品川区
9992417320,栃木県 那須塩原市
6486858427,鹿児島県 鹿屋市
12336457001,福島県 福島市
2149152006,群馬県 嬬恋村
349080480,世田谷区
11215121965,千葉県 鋸南町
10196129113,和歌山県 かつらぎ町
10222593398,大阪府 大阪市
6311041315,山形県 寒河江市
5688127605,北海道 函館市
5015696084,埼玉県 加須市
8837453095,群馬県 草津町
4813330721,大分県 別府市
4571192889,長野県 長野市
6364221689,大阪府 松原市
6503657742,長崎県 大村市
6478672853,高知県 須崎市
6652780017,長野県 高山村
6402119583,群馬県 渋川市
6503252447,福岡県 飯塚市
8968843285,青森県 つがる市
9838889634,北海道 斜里町
6515245689,福岡県 筑前町
6402120687,群馬県 東吾妻町
6916054375,葛飾区
8272658371,静岡県 伊東市
12147508539,長野県 安曇野市
9719924573,新潟県 村上市
6544868696,足立区
10575589647,大阪府 大阪市
6521744791,熊本県 山鹿市
5963987119,北海道 釧路市
6480586517,香川県 丸亀市
4224990595,長野県 野沢温泉村
6499277456,熊本県 玉名市
6537769628,足立区
6366977996,兵庫県 尼崎市
12685983302,神奈川県 湯河原町
6126462024,練馬区
13565490302,八王子市
6489815006,鹿児島県 鹿児島市
6721931600,大阪府 豊中市
4676184563,奈良県 宇陀市
11740414899,町田市
9817587017,愛知県 名古屋市
4114603028,大阪府 大阪市
310186764,北海道 上富良野町
5126103940,山形県 南陽市
5055660056,大阪府 能勢町
5183119527,大阪府 大阪市
6517588226,大分県 中津市
13072173927,栃木県 日光市
6488090287,鹿児島県 姶良市
7311137486,愛知県 大府市
13441896796,福岡県 柳川市
5276492024,香川県 高松市
5011794340,東京都
10810988381,高知県 安芸市
9134786095,北海道 函館市
6632861988,神奈川県 厚木市
6361573623,江戸川区
3833964081,神奈川県 横須賀市
12050647043,秋田県 横手市
6462425092,墨田区
6515742980,福岡県 大任町
11943553669,埼玉県 戸田市
6515098679,福岡県 うきは市
3832356773,長崎県 雲仙市
1279212900,世田谷区
6920541345,福島県 二本松市
10569691181,大阪府 大阪市
6520541731,宮崎県 高原町
13175374426,福岡県 福岡市
4707615655,山口県 下関市
6485521897,鹿児島県 大崎町
5119557288,秋田県 湯沢市
6936330741,大阪府 大阪市
1879196018,豊島区
6515719638,福岡県 飯塚市
7514153092,大阪府 松原市
5279266821,大阪府 大阪市
6516185926,大分県 九重町
6478043112,高知県 高知市
6713609551,神奈川県 相模原市
8145140934,新潟県 湯沢町
5957384387,高知県 高知市
4246168486,愛知県 名古屋市
2178131580,北海道 蘭越町
9886227987,鳥取県 米子市
4607748459,山口県 下関市
6366977999,兵庫県 尼崎市
9976620325,鳥取県 岩美町
5262948482,大田区
6489763950,鹿児島県 日置市
9936238310,宮城県 名取市
6314343370,群馬県 藤岡市
8632421035,島根県 奥出雲町
8947861831,兵庫県 新温泉町
6418050987,長野県 軽井沢町
6513328420,熊本県 人吉市
6411020711,新潟県 新潟市
5225985721,大阪府 東大阪市
6515972775,熊本県 南小国町
4704756052,茨城県 境町
6485920225,鹿児島県 錦江町
6511381088,鹿児島県 霧島市
6394124512,北海道 小清水町
2990581133,京都府 京都市
8735946535,秋田県 湯沢市
6520118447,宮崎県 小林市
11219195777,愛知県 あま市
11007472699,静岡県 河津町
7802246726,埼玉県 坂戸市
11524004050,大分県 別府市
6359681285,神奈川県 相模原市
5864532122,大阪府 大阪市
8209783787,兵庫県 尼崎市
12112735569,鳥取県 湯梨浜町
9651074250,愛知県 名古屋市
6849292986,和歌山県 新宮市
6484676735,鹿児島県 南さつま市
3555406954,鹿児島県 屋久島町
6712204417,大田区
5824929755,滋賀県 大津市
6070421301,大阪府 池田市
4987541304,群馬県 みなかみ町
10606743749,宮城県 川崎町
5302959223,大阪府 泉佐野市
5463931152,大阪府 大阪市
5645448406,荒川区
7802253316,静岡県 西伊豆町
4723169318,北海道 平取町
6461406283,福井県 おおい町
6513135669,鹿児島県 さつま町
5044286425,兵庫県 神戸市
6515734646,福岡県 福智町
9817775517,愛知県 名古屋市
6087484885,大阪府 八尾市
10567515963,愛知県 東海市
4299319569,鳥取県 鳥取市
9239266681,長野県 王滝村
12767194783,福島県 石川町
6516460046,熊本県 阿蘇市
12520251076,埼玉県 幸手市
9817566624,愛知県 名古屋市
3786002487,新潟県 妙高市
10765579462,北海道 広尾町
5841776205,愛媛県 上島町
8427791256,北海道 白老町
5305178733,栃木県 さくら市
6585230820,福島県 新地町
6495337020,熊本県 八代市
12801773518,長野県 上田市
13521903624,北海道 札幌市
10982199205,京都府 京都市
5710742557,山形県 山形市
1074587409,長野県 野沢温泉村
12207562544,渋谷区
10011847021,三重県 津市
5601258722,大田区
1934532445,新宿区
6440176792,富山県 黒部市
6515265149,福岡県 嘉麻市
6479581996,愛媛県 松野町
2004319008,京都府 京都市
9817911319,愛知県 豊橋市
10803731403,長野県 大鹿村
7409905212,北海道 幌加内町
6482414753,福岡県 豊前市
4134893200,栃木県 下野市
13290027982,山形県 尾花沢市
6436426279,三重県 桑名市
1459985951,神奈川県 川崎市
7804220485,大田区
6718388106,滋賀県 守山市
5055307621,山形県 尾花沢市
4047237831,山形県 鶴岡市
12434991166,長野県 白馬村
6483125425,福岡県 北九州市
6457506585,豊島区
5657109124,鹿児島県 垂水市
6483284945,大分県 杵築市
5328850120,富山県 黒部市
6515931550,熊本県 南小国町
6483876906,宮崎県 延岡市
9719927515,新潟県 村上市
6538374459,新潟県 湯沢町
4840944522,東京都
7961876166,町田市
6332763961,岐阜県 各務原市
6522454615,福岡県 福智町
11276698768,静岡県 河津町
8841255380,静岡県 掛川市
10982627805,京都府 京都市
6451773354,群馬県 高山村
6440288862,富山県 富山市
6517534790,大分県 竹田市
5788214897,北海道 弟子屈町
2866113101,神奈川県 横浜市
13395611381,広島県 広島市
6408756000,青森県 藤崎町
6484186866,宮崎県 宮崎市
6481073731,徳島県 つるぎ町
6464014086,江東区
7859640524,北海道 北広島市
2964285770,岩手県 雫石町
11956350056,熊本県 南小国町
13266853792,宮城県 仙台市
6516267235,大分県 九重町
9817356517,愛知県 名古屋市
6480535290,香川県 綾川町
11168999137,愛知県 名古屋市
11048839696,新潟県 湯沢町
7615424234,秋田県 仙北市
12054424144,茨城県 つくば市
5387240861,台東区
12111232606,島根県 美郷町
6528485250,北海道 札幌市
5604667322,茨城県 龍ケ崎市
5474582380,石川県 小松市
6511715167,鹿児島県 霧島市
9819074918,愛知県 一宮市
4618266588,滋賀県 長浜市
6502180549,長崎県 諫早市
10703241745,岐阜県 海津市
6434766249,福島県 須賀川市
5372444421,大阪府 泉大津市
12966456607,岡山県 西粟倉村
5436880790,北海道 名寄市
6483332863,大分県 大分市
6326887296,福井県 小浜市
7374186032,大阪府 藤井寺市
6894883792,和歌山県 和歌山市
6446843244,宮城県 仙台市
5112034321,長野県 千曲市
5278731538,大阪府 大阪市
6332837457,岐阜県 本巣市
6495753422,熊本県 八代市
6521054846,熊本県 山鹿市
6060356118,宮崎県 串間市
9409311248,長野県 阿智村
6315222231,埼玉県 深谷市
4086536835,大阪府 大阪市
1757309619,調布市
6510890030,鹿児島県 霧島市
6513375433,熊本県 錦町
6374177061,北海道 札幌市
6712199690,品川区
6513207330,鹿児島県 伊佐市
6709554588,千代田区
3048488714,兵庫県 豊岡市
7802253593,埼玉県 坂戸市
6515127937,福岡県 久留米市
2588768966,品川区
5450922476,北区
6347426385,葛飾区
6485499053,鹿児島県 志布志市
6488832990,鹿児島県 鹿児島市
6512950263,鹿児島県 さつま町
11281303170,福井県 福井市
6445673793,板橋区
5468019821,港区
11829281804,兵庫県 神戸市
6361929598,北海道 札幌市
7749768985,荒川区
6596386712,江戸川区
4559332429,鹿児島県 十島村
6512733998,鹿児島県 さつま町
6423321945,北海道 函館市
6515886295,大分県 竹田市
8116495017,福岡県 篠栗町
6489559213,鹿児島県 指宿市
9817566618,愛知県 名古屋市
4607758556,鹿児島県 十島村
6512641860,鹿児島県 鹿児島市
5404432053,大分県 竹田市
5224296022,大阪府 大阪市
6466088485,品川区
6475510951,兵庫県 南あわじ市
7438348585,埼玉県 さいたま市
6467213669,兵庫県 小野市
4528240107,鹿児島県 十島村
2643845446,静岡県 河津町
13261587357,兵庫県 養父市
12345948341,兵庫県 姫路市
6514650686,足立区
2921394250,兵庫県 神戸市
7802253903,静岡県 松崎町
3436597846,神奈川県 横浜市
4789195021,大阪府 大阪市
4270793593,愛知県 名古屋市
11278615829,静岡県 伊東市
4391607753,北海道 中標津町
5629880529,長崎県 長与町
6432331524,千葉県 袖ケ浦市
5937503007,北海道 鹿追町
6204854688,兵庫県 南あわじ市
6469204226,和歌山県 有田川町
10982897605,京都府 宇治市
12993962150,山口県 山口市
11469029673,広島県 呉市
6292470244,大阪府 貝塚市
6392961320,北海道 弟子屈町
13415601422,熊本県 菊池市
6485794575,鹿児島県 肝付町
6178116467,新潟県 湯沢町
7111497985,兵庫県 芦屋市
7746444183,千葉県 大多喜町
10148572618,大阪府 大阪市
13019880059,福井県 福井市
6516202215,大分県 九重町
9691570747,愛知県 名古屋市
9719927514,新潟県 村上市
2207769416,愛知県 名古屋市
4883268187,新宿区
6496484420,熊本県 宇城市
7746519381,千葉県 木更津市
9820263518,岐阜県 各務原市
2875761167,大阪府 大阪市
5376914376,福岡県 久山町
6517636734,大分県 中津市
10046418381,北海道 函館市
13606825879,群馬県 中之条町
2200464031,渋谷区
6432682642,栃木県 那珂川町
9817775817,愛知県 名古屋市
9893070923,鳥取県 米子市
9819299218,愛知県 名古屋市
7135076257,大阪府 大阪市
300782464,新潟県 湯沢町
2785319033,岐阜県 大垣市
11279571401,広島県 呉市
5306940697,荒川区
2506332025,北海道 旭川市
6508414387,福岡県 久留米市
3349534022,愛知県 名古屋市
3594201293,静岡県 熱海市
6429787070,千葉県 鴨川市
1364559701,大分県 別府市
4759336255,宮城県 仙台市
6771447986,三重県 名張市
2833711826,千葉県 市川市
9967218994,群馬県 草津町
9166321860,北海道 札幌市
7238511422,北海道 札幌市
5340041148,北海道 浦河町
12230181203,足立区
9924149136,北海道 留寿都村
6726657603,奈良県 奈良市
6512321652,宮崎県 えびの市
11292309494,静岡県 熱海市
4252202405,和歌山県 新宮市
5551329023,茨城県 土浦市
13188272867,群馬県 前橋市
6463735489,島根県 出雲市
6440223530,富山県 滑川市
6436146688,足立区
5110048934,岡山県 真庭市
6505765696,福岡県 糸島市
6577768193,長野県 白馬村
4989719221,京都府 京都市
6501977354,長崎県 長崎市
13531170768,群馬県 中之条町
9914171537,岡山県 岡山市
6521764140,熊本県 山鹿市
6483314686,大分県 宇佐市
9820263617,岐阜県 岐阜市
3832356772,長崎県 雲仙市
13500697088,熊本県 菊池市
6618135228,長野県 下諏訪町
13000930622,大阪府 大阪市
4386380397,秋田県 仙北市
7334654485,大阪府 大阪市
8976833610,兵庫県 宍粟市
6356165299,長野県 山ノ内町
9871475802,静岡県 静岡市
6514890616,大分県 日田市
6714963762,神奈川県 横浜市
13157172304,大分県 日田市
6305761152,北海道 美瑛町
6681328508,静岡県 浜松市
7804955928,岐阜県 飛驒市
3740858933,京都府 京都市
9817905320,愛知県 春日井市
6510482415,鹿児島県 霧島市
9499693776,北海道 岩内町
3668274486,大阪府 大阪市
6515708118,福岡県 添田町
10011870318,三重県 津市
9499693777,北海道 岩内町
7925200285,大田区
6513739256,宮崎県 高千穂町
4846678889,京都府 京都市
4618262412,山口県 下関市
8889094546,岩手県 八幡平市
6537545245,新潟県 十日町市
9678702069,長野県 高森町
9817586819,愛知県 名古屋市
12014520682,青森県 五所川原市
13120426871,熊本県 南小国町
7602181688,大阪府 和泉市
1626347260,福岡県 福岡市
6412092586,埼玉県 川口市
7109234774,秋田県 仙北市
6053968701,国立市
5938018483,兵庫県 洲本市
6303108765,北海道 壮瞥町
2290735004,宮城県 大崎市
6518255468,大分県 玖珠町
5615860222,神奈川県 川崎市
6711987313,渋谷区
12193798403,北海道 壮瞥町
6680849086,茨城県 古河市
6513764244,熊本県 山都町
4676035078,滋賀県 草津市
2924055454,兵庫県 神戸市
6514859263,大分県 日田市
12112735568,鳥取県 湯梨浜町
6518758998,大分県 宇佐市
6445923900,宮城県 七ヶ浜町
11156269409,熊本県 南小国町
10117757577,愛知県 安城市
4032225408,青森県 横浜町
11898114500,大分県 別府市
4952718578,杉並区
9917109875,長野県 山ノ内町
3159225478,目黒区
6513542125,宮崎県 美郷町
6089493178,新宿区
12373111523,鹿児島県 指宿市
6712522413,神奈川県 横浜市
4685319402,和歌山県 新宮市
12464988102,北海道 洞爺湖町
6985833355,大分県 別府市
4607450725,新宿区
5301549322,京都府 京都市
10008991519,滋賀県 近江八幡市
3104884043,北海道 新ひだか町
5721857790,府中市
4381641686,兵庫県 神戸市
6755491866,北海道 釧路市
9500862527,京都府 京都市
6362206595,江戸川区
6681186188,静岡県 静岡市
12128717724,大阪府 四條畷市
6488607187,鹿児島県 鹿児島市
6320299941,群馬県 長野原町
6482233816,大分県 中津市
4224990574,長野県 野沢温泉村
6045218851,岐阜県 関市
6917398462,山形県 鶴岡市
5510104123,奈良県 五條市
7746274553,大阪府 大阪市
10050989565,長野県 飯田市
2047539959,北海道 ニセコ町
6463373416,茨城県 筑西市
3888953412,愛知県 名古屋市
6466628318,岡山県 岡山市
6520868077,熊本県 熊本市
9247351062,葛飾区
5406948204,佐賀県 佐賀市
6796522486,三重県 松阪市
6573711543,北海道 函館市
6482465348,福岡県 みやこ町
12533664534,神奈川県 横須賀市
2975168907,大田区
7668608586,埼玉県 さいたま市
12193798401,北海道 壮瞥町
6513055720,鹿児島県 さつま町
7282181039,鹿児島県 鹿児島市
2264401717,大阪府 大阪市
5052476921,大田区
5170643737,北海道 上砂川町
4869382600,鹿児島県 屋久島町
10123211250,神奈川県 川崎市
6517437142,大分県 竹田市
6314387839,埼玉県 神川町
5210657560,北海道 北見市
1148820986,台東区
6512282166,鹿児島県 湧水町
8417956205,鳥取県 鳥取市
6355716636,群馬県 草津町
6463675385,江戸川区
7294210242,岩手県 八幡平市
6513267675,熊本県 人吉市
9056067717,福岡県 北九州市
4609262942,中央区
6122542006,大阪府 柏原市
9819292218,愛知県 名古屋市
6637677317,江戸川区
5575440834,大阪府 堺市
2433823160,北海道 苫前町
6539488157,山形県 山形市
10980957305,京都府 京都市
6556841934,北海道 千歳市
8850320327,鹿児島県 鹿児島市
12404379004,京都府 京都市
10805330656,長野県 軽井沢町
10866624505,青森県 つがる市
11091471846,長野県 白馬村
6301142752,青森県 むつ市
6487511503,鹿児島県 鹿児島市
6481798135,愛媛県 久万高原町
9719927513,新潟県 村上市
8763763118,富山県 小矢部市
5159215356,大阪府 大阪市
9817775221,愛知県 名古屋市
6512770541,鹿児島県 さつま町
4433577792,静岡県 三島市
5905777768,栃木県 那須町
2653357615,北海道 稚内市
6513743804,宮崎県 高千穂町
6439914032,福島県 楢葉町
6709084785,東京都
10687903598,北海道 斜里町
6712034324,調布市
6515366716,福岡県 嘉麻市
2290060752,宮城県 大崎市
6534898934,岩手県 雫石町
5835796195,滋賀県 大津市
3830064288,長崎県 雲仙市
6521363495,熊本県 山鹿市
6589213786,栃木県 小山市
6115494896,大阪府 東大阪市
8905740425,長野県 野沢温泉村
6514657836,大分県 玖珠町
6491633089,鹿児島県 出水市
6344060191,中野区
6517508110,大分県 竹田市
6694784012,和歌山県 田辺市
10815515262,福島県 福島市
12373141824,鹿児島県 指宿市
6690136906,青梅市
12181950147,静岡県 島田市
10703326962,山口県 阿武町
6815140921,兵庫県 神戸市
9939753923,北海道 釧路市
10895418168,静岡県
6463675585,江戸川区
5907862485,埼玉県 秩父市
10589076662,京都府 亀岡市
11898101112,大分県 別府市
759354840,世田谷区
6659806907,山口県 下関市
6947587095,熊本県 南小国町
3325126080,長崎県 川棚町
6305063925,北海道 白老町
6516061233,熊本県 小国町
8774846727,新潟県 加茂市
2268044803,大阪府 大阪市
4869382613,鹿児島県 屋久島町
6483127442,福岡県 北九州市
1754092177,世田谷区
9599934822,鹿児島県 鹿児島市
5788857061,兵庫県 西脇市
13479430465,山梨県 道志村
9939753919,北海道 釧路市
6466662085,神奈川県 川崎市
6515843740,佐賀県 唐津市
6700026224,静岡県 湖西市
6484242323,宮崎県 宮崎市
11005699530,岐阜県 下呂市
5625199013,目黒区
6462338596,兵庫県 新温泉町
6503888684,長崎県 川棚町
5698397074,青森県 十和田市
6483414333,長野県 大町市
7966907930,埼玉県 秩父市
6516112971,大分県 九重町
6457265991,足立区
6514687745,大分県 玖珠町
6412920851,山梨県 富士川町
11335652232,愛知県 岡崎市
5607598292,青森県 むつ市
11107523386,静岡県 松崎町
2520776610,山梨県 丹波山村
6514786626,大分県 日田市
6563022580,石川県 穴水町
9817911318,愛知県 一宮市
5127475386,山形県 大蔵村
5842577165,埼玉県 日高市
7802261585,静岡県 伊東市
8283204216,福島県 磐梯町
873032027,鹿児島県 霧島市
6514708214,大分県 玖珠町
3215270963,山口県 周南市
11953582937,新潟県 村上市
6514661049,大分県 九重町
6709542829,豊島区
10836417476,愛媛県 松山市
7095010637,群馬県 片品村
5814397485,滋賀県 大津市
6070422189,大阪府 池田市
12278156601,岩手県 洋野町
10235107600,静岡県 熱海市
2002477815,沖縄県 北谷町
7473349285,山形県 鶴岡市
12193787948,北海道 壮瞥町
4271603487,東京都
5323165621,新潟県 妙高市
8684308546,石川県 白山市
6512057685,福島県 福島市
5731785721,鹿児島県 南九州市
6520587968,熊本県 熊本市
2924055458,兵庫県 神戸市
7232549644,兵庫県 三田市
6684040450,静岡県 三島市
12373111522,鹿児島県 指宿市
2477807466,北海道 札幌市
6004701211,兵庫県 淡路市
5152221957,青森県 むつ市
6505020378,佐賀県 有田町
9817775219,愛知県 名古屋市
13606825890,群馬県 中之条町
6070460090,大阪府 八尾市
7615169937,秋田県 仙北市
6673911858,静岡県 伊豆の国市
6513249625,熊本県 球磨村
2008393718,静岡県 伊東市
9742877298,兵庫県 朝来市
8880415117,神奈川県 横須賀市
6494814359,熊本県 津奈木町
6095198761,長野県 山ノ内町
2837484393,石川県 金沢市
9819299517,愛知県 名古屋市
2282136107,大阪府 大阪市
5774713002,武蔵村山市
9772688417,神奈川県 横浜市
6204822794,新宿区
12799744910,福島県 双葉町
3832356775,長崎県 雲仙市
4876915978,北海道 札幌市
6996249710,兵庫県 南あわじ市
4907407543,大阪府 箕面市
6486885859,鹿児島県 鹿屋市
9996466522,栃木県 那須塩原市
6344060787,中野区
9817356617,愛知県 名古屋市
6347419697,神奈川県 相模原市
5455933035,大阪府 大阪市
6499495485,熊本県 玉名市
9817911419,愛知県 一宮市
9892277789,鳥取県 米子市
11180890263,福井県 永平寺町
4435927692,鹿児島県 屋久島町
6355716625,群馬県 草津町
6510048190,福岡県 北九州市
3710323702,広島県 尾道市
11218598103,栃木県 那須塩原市
6515880151,熊本県 産山村
6311934690,宮城県 仙台市
6521490339,熊本県 和水町
6416399974,山梨県 韮崎市
4558259522,鹿児島県 十島村
9242170416,島根県 松江市
6489592823,鹿児島県 南九州市
4140587605,京都府 京都市
7095137584,板橋区
12411653647,港区
9838889640,北海道 斜里町
6481126773,香川県 まんのう町
6511629495,宮崎県 えびの市
13175437074,長野県 飯田市
5265005724,北海道 小樽市
9817891819,愛知県 犬山市
5022123224,兵庫県 西宮市
6721092101,兵庫県 香美町
5049784184,山口県 岩国市
6134899315,神奈川県 箱根町
4486780490,兵庫県 神戸市
9333314882,埼玉県 秩父市
8569211876,北海道 函館市
12193798407,北海道 壮瞥町
6503773370,佐賀県 鹿島市
11648942669,兵庫県 姫路市
6568198007,岐阜県 高山市
10148729712,長野県 喬木村
6499295882,熊本県 玉名市
6467191368,兵庫県 播磨町
6451583769,群馬県 みなかみ町
12495360697,岡山県 岡山市
7095172118,山梨県 南アルプス市
5612751023,新潟県 妙高市
4956242430,台東区
4309143762,愛知県 春日井市
11170885028,奈良県 奈良市
6520713215,熊本県 合志市
9719927512,新潟県 村上市
6308592936,北海道 札幌市
6436146687,足立区
2290280538,宮城県 大崎市
12231167493,山形県 鶴岡市
6516092986,熊本県 小国町
9817586918,愛知県 名古屋市
6480726238,香川県 観音寺市
3218769443,北海道 倶知安町
9817356417,愛知県 名古屋市
13565793064,北海道 函館市
6515201370,福岡県 朝倉市
8288778320,大阪府 高槻市
5544275017,京都府 京都市
13506242851,岩手県 北上市
10089461261,岩手県 一関市
6709089004,千葉県 浦安市
4819151812,山梨県 富士河口湖町
2975866305,渋谷区
6594058609,北海道 清里町
7247164856,宮城県 気仙沼市
6483277960,大分県 杵築市
2330160625,足立区
12645417237,徳島県 鳴門市
6534594866,秋田県 にかほ市
2290111025,宮城県 大崎市
7321265881,府中市
5302858455,大阪府 泉佐野市
6512664785,鹿児島県 薩摩川内市
3438969748,埼玉県 川越市
5281672927,大阪府 大阪市
12842159872,青森県 田舎館村
6321441369,長野県 軽井沢町
8897056493,群馬県 草津町
6680113990,静岡県 伊東市
4679548523,神奈川県 横浜市
6480823864,徳島県 阿波市
6496599110,熊本県 美里町
5616962264,愛知県 東海市
2705620321,鹿児島県 鹿児島市
8827381417,石川県 金沢市
6333444287,広島県 広島市
2004299630,沖縄県 読谷村
6408259209,青森県 弘前市
12843042947,大分県 別府市
10285485624,静岡県 熱海市
6491259184,鹿児島県 出水市
2421458192,三重県 桑名市
5507536643,富山県 朝日町
12241452793,長野県 茅野市
4375134544,神奈川県 相模原市
5731784120,鹿児島県 南九州市
6248407054,兵庫県 神戸市
13447323407,熊本県 菊池市
5096680337,青森県 三沢市
11637560369,兵庫県 伊丹市
6516122621,熊本県 小国町
9000641215,長野県 飯田市
7637575185,葛飾区
6670306706,千葉県 君津市
7975951990,埼玉県 秩父市
10080045408,兵庫県 淡路市
6466192186,昭島市
8396825483,愛媛県 今治市
6709239709,北区
5022123423,兵庫県 神戸市
5895683267,長野県 長野市
11647872381,長野県 大鹿村
3555406953,鹿児島県 屋久島町
6493262239,熊本県 水俣市
4837886785,和歌山県 白浜町
1801368473,岩手県 釜石市
5372413521,大阪府 泉大津市
4430843437,愛知県 日進市
8569599456,北海道 登別市
6483973317,宮崎県 西都市
5933184386,豊島区
6407839701,青森県 弘前市
2558151060,北区
6053977544,府中市
4082044769,徳島県 海陽町
5831418537,福岡県 八女市
7308678685,鳥取県 三朝町
6532088133,青森県 板柳町
10983026405,京都府 木津川市
11420453292,岩手県 盛岡市
4579440246,長野県 松本市
5052050927,福島県 二本松市
8585235540,宮城県 石巻市
6401663676,栃木県 日光市
6515717271,福岡県 飯塚市
6699999686,和歌山県 田辺市
6633347312,宮城県 石巻市
6285165791,栃木県 那須町
6681358301,愛知県 豊川市
6549799974,栃木県 那須塩原市
13362914378,茨城県 常総市
6709331801,墨田区
13190737339,和歌山県 和歌山市
5643283708,墨田区
5764908163,大阪府 堺市
6511311241,鹿児島県 霧島市
5828139086,富山県 富山市
10687841323,北海道 標津町
6507323329,福岡県 筑紫野市
9544781571,鹿児島県 鹿児島市
4029229253,福岡県 北九州市
8976734778,兵庫県 新温泉町
5534835629,奈良県 王寺町
7016031121,青森県 黒石市
9817586919,愛知県 名古屋市
13411766792,神奈川県 稲城市
6515797399,佐賀県 唐津市
5843441559,北海道 弟子屈町
6537063615,新潟県 柏崎市
10836417487,愛媛県 松山市
6510096840,福岡県 北九州市
5612754721,新潟県 妙高市
4547921905,京都府 京都市
6831890285,長野県 松本市
4386380398,秋田県 仙北市
6512273656,鹿児島県 湧水町
9817911417,愛知県 半田市
9619916452,大阪府 大阪市
2244582090,渋谷区
3654799329,福岡県 柳川市
2290064455,宮城県 大崎市
4827337429,三重県 桑名市
11810297690,和歌山県 田辺市
12698900322,大阪府 大阪市
8015967106,埼玉県 秩父市
13073463261,岡山県 岡山市
3254958504,北海道 室蘭市
8266987845,福島県 柳津町
6396245312,長野県 長野市
6521229546,熊本県 山鹿市
4344283094,東京都
6622086487,長野県 山ノ内町
3075935490,山梨県 笛吹市
9817566621,愛知県 名古屋市
6510200424,福岡県 北九州市
6511801879,鹿児島県 湧水町
4634876419,奈良県 大和郡山市
6466195382,山口県 山口市
4782509826,宮城県 気仙沼市
6548588040,茨城県 つくば市
9817905321,愛知県 豊橋市
9310110438,長野県 下條村
8905740225,長野県 野沢温泉村
6045353166,岐阜県 関市
6502135212,長崎県 長与町
6520754496,熊本県 熊本市
4685491022,品川区
6189288085,山形県 山形市
6408008447,青森県 青森市
9817911317,愛知県 碧南市
266539038,埼玉県 飯能市
6489628299,鹿児島県 南さつま市
5380000940,大阪府 大阪市
9817566623,愛知県 名古屋市
6468823210,大阪府 堺市
6660059278,山口県 山口市
6477656591,徳島県 小松島市
6528321231,北海道 奈井江町
6521703040,熊本県 山鹿市
6463426485,千代田区
12246231666,神奈川県 真鶴町
6487261188,鹿児島県 垂水市
4585443307,神奈川県 箱根町
11036724017,大阪府 大阪市
12740392101,熊本県 南小国町
5905777755,栃木県 那須町
6521771878,熊本県 山鹿市
8081539517,青森県 むつ市
9819167317,愛知県 名古屋市
7253931545,鹿児島県 鹿児島市
6813373078,秋田県 仙北市
6305042296,北海道 白老町
13457236309,石川県 金沢市
6499728232,熊本県 南関町
11273477268,群馬県 草津町
5738927855,江戸川区
6515975300,熊本県 南小国町
4757562649,宮崎県 都城市
6347425786,足立区
6466685655,兵庫県 相生市
4776303531,北海道 長沼町
4631870305,奈良県 十津川村
6680029181,静岡県 伊東市
6814236586,神奈川県 川崎市
6237428885,新潟県 粟島浦村
6499803158,佐賀県 唐津市
6448702085,福島県 会津若松市
12193775900,北海道 壮瞥町
12026463172,渋谷区
6515127101,福岡県 久留米市
6549480831,栃木県 日光市
6479541833,愛媛県 宇和島市
6512967471,鹿児島県 さつま町
3979028521,大阪府 大阪市
10158318769,荒川区
7473141285,山形県 鶴岡市
7738498409,山梨県 山梨市
10556681595,愛媛県 今治市
6517420233,大分県 竹田市
5046049726,中野区
6513452135,熊本県 あさぎり町
6520850363,熊本県 菊池市
12042841139,神奈川県 山北町
6513174385,鹿児島県 伊佐市
5472500514,広島県 大崎上島町
5847479988,岡山県 津山市
2290739395,宮城県 大崎市
4333891337,広島県 福山市
3593919160,静岡県 熱海市
12193798402,北海道 壮瞥町
3399307490,熊本県 小国町
5346121775,岡山県 岡山市
6816278485,茨城県 土浦市
9796129029,愛知県 半田市
12112824742,鳥取県 三朝町
6364184188,大阪府 松原市
6715013904,神奈川県 横浜市
6700140032,静岡県 焼津市
5104701527,長野県 山ノ内町
10813939131,福島県 福島市
5160785821,栃木県 日光市
6364194287,大阪府 大阪市
6445673797,豊島区
5255414316,岐阜県 下呂市
11962356546,北海道 羅臼町
6482082794,大分県 豊後高田市
8321442525,愛媛県 今治市
2491282136,広島県 廿日市市
10279667509,静岡県 熱海市
3832325497,長崎県 雲仙市
12193798404,北海道 壮瞥町
1834371978,滋賀県 多賀町
6515039898,福岡県 朝倉市
12642871212,和歌山県 那智勝浦町
7025254594,京都府 城陽市
6910888587,鹿児島県 鹿児島市
6347419593,神奈川県 鎌倉市
6512721711,鹿児島県 さつま町
2109605187,北海道 上富良野町
2507563958,北海道 幌加内町
5400307790,鹿児島県 宇検村
6149816369,練馬区
9609505205,鹿児島県 指宿市
9916567446,長野県 山ノ内町
13396580650,鳥取県 境港市
5738830979,江戸川区
10293467006,福島県 いわき市
6512292051,鹿児島県 湧水町
5915584086,北海道 上富良野町
6640260657,和歌山県 那智勝浦町
9201591714,兵庫県 神戸市
508048695,板橋区
9658493078,和歌山県 白浜町
5085765594,新宿区
4843126086,群馬県 昭和村
6528298928,北海道 浦臼町
6495007003,熊本県 芦北町
6437504085,江戸川区
4698983197,宮城県 東松島市
6480703612,香川県 三豊市
12757363700,長野県 長野市
6622320585,長野県 山ノ内町
6911096086,立川市
12193973740,佐賀県 武雄市
6538515119,新潟県 小千谷市
11329299216,大阪府 大阪市
6326909126,富山県 氷見市
9817566622,愛知県 名古屋市
4676445093,宮城県 大崎市
6813373050,秋田県 仙北市
6778942009,兵庫県 神戸市
2284105487,渋谷区
7308678785,鳥取県 三朝町
12465010401,北海道 洞爺湖町
9939753922,北海道 釧路市
12465021501,北海道 洞爺湖町
9794163424,北海道 清水町
10982894205,京都府 宇治市
10285454997,静岡県 熱海市
6515029610,福岡県 朝倉市
6481110169,徳島県 三好市
7595062788,宮城県 仙台市
6416426121,山梨県 北杜市
6520110594,宮崎県 小林市
6531622910,青森県 青森市
13128044586,静岡県 焼津市
5861124169,埼玉県 秩父市
5126103930,山形県 南陽市
13320064648,宮城県 仙台市
7080362466,大分県 九重町
12282918701,群馬県 中之条町
6411056329,新潟県 新潟市
4796051121,静岡県 西伊豆町
3259183358,東京都
4407865462,東京都
8270409894,熊本県 小国町
6707799629,群馬県 長野原町
4535362806,秋田県 仙北市
8968501631,青森県 平川市
12730533201,青森県 深浦町
2924055456,兵庫県 神戸市
8845986108,群馬県 草津町
5474337345,広島県 広島市
567878684,三鷹市
4583459696,鳥取県 八頭町
4224990596,長野県 野沢温泉村
8641622422,富山県 魚津市
6520539505,宮崎県 高原町
2636641662,静岡県 河津町
9398175892,大阪府 大阪市
1074587418,長野県 野沢温泉村
10975972581,長野県 大鹿村
3077896547,山梨県 山梨市
6039521751,新潟県 津南町
6722092331,大阪府 泉佐野市
6499604036,熊本県 荒尾市
7472769775,三重県 鳥羽市
5775926753,兵庫県 神戸市
6526897365,北海道 真狩村
11201547542,千葉県 佐倉市
5331506248,兵庫県 宍粟市
5212856571,台東区
5607598303,青森県 むつ市
7925085485,富山県 富山市
4773807175,宮崎県 都城市
6815141101,兵庫県 神戸市
3048451054,兵庫県 豊岡市
10892409497,石川県 加賀市
6508771903,福岡県 古賀市
7330717240,静岡県 伊豆の国市
6488076400,岐阜県 高山市
6436452261,北海道 札幌市
7803758993,埼玉県 鶴ヶ島市
6688304555,神奈川県 箱根町
11559144669,大阪府 大阪市
5612752721,新潟県 妙高市
9834740417,岐阜県 岐阜市
11276719380,静岡県 河津町
5210314123,長野県 上田市
8845986106,群馬県 草津町
5843368602,栃木県 那須町
6493235898,熊本県 水俣市
5963270985,広島県 広島市
6457265990,荒川区
1631280055,山口県 岩国市
9916710415,長野県 山ノ内町
8905740432,長野県 野沢温泉村
8327424178,島根県 浜田市
2925668896,愛知県 名古屋市
391117006,千葉県 千葉市
6372216286,埼玉県 三郷市
1240105735,世田谷区
6499771436,福岡県 柳川市
7636216785,香川県 直島町
6463426486,千代田区
6681139512,青森県 弘前市
9843014774,京都府 京都市
7836231631,石川県 加賀市
7394488423,富山県 南砺市
13289648026,岐阜県 美濃市
11955599186,島根県 雲南市
12311692437,長野県 山ノ内町
9946232694,神奈川県 川崎市
7367892936,静岡県 伊東市
5502988847,滋賀県 長浜市
5761038578,新潟県 燕市
7544978953,茨城県 常陸太田市
6463830785,渋谷区
5008998805,東京都
6320609086,群馬県 嬬恋村
4943270321,香川県 直島町
6570465597,高知県 本山町
6511212798,鹿児島県 霧島市
6481161889,徳島県 美馬市
10982909605,京都府 城陽市
2475466155,神奈川県 大和市
4418582289,長野県 松本市
6437500988,江戸川区
3695075018,愛知県 小牧市
2089616383,富山県 富山市
6475478700,兵庫県 淡路市
13483059501,滋賀県 甲賀市
6445673799,豊島区
12878362101,静岡県 熱海市
7424323723,秋田県 北秋田市
9956192294,奈良県 大和郡山市
5240302361,千葉県 船橋市
9817775321,愛知県 名古屋市
9659086775,宮城県 仙台市
6484591327,長野県 長野市
12112824743,鳥取県 三朝町
6515202315,福岡県 久留米市
3127835963,千葉県 市川市
5930924443,大阪府 寝屋川市
3832327968,長崎県 雲仙市
6740371086,北海道 音威子府村
12885528544,青森県 青森市
2286379801,宮城県 蔵王町
10285454999,静岡県 熱海市
6499605039,熊本県 荒尾市
6412092587,埼玉県 蕨市
6516108518,熊本県 小国町
5607598302,青森県 むつ市
5104701528,長野県 山ノ内町
7108428184,新潟県 弥彦村
6520140892,宮崎県 小林市
6508962048,福岡県 遠賀町
9731781331,北海道 白老町
12193973738,佐賀県 武雄市
6516135208,熊本県 小国町
6517510642,大分県 竹田市
5467744381,沖縄県 北谷町
4809634399,あきる野市
10976643905,北海道 長沼町
9916462440,長野県 山ノ内町
9116368204,神奈川県 厚木市
5104713721,長野県 山ノ内町
12885528554,青森県 青森市
8995598418,群馬県 太田市
9061455499,愛知県 豊川市
12193798405,北海道 壮瞥町
9820263517,岐阜県 高山市
7108432989,新潟県 弥彦村
10716477151,福岡県 筑紫野市
3833604261,長崎県 雲仙市
13473072997,墨田区
13047573500,江戸川区
6715031953,神奈川県 大和市
7738498410,山梨県 山梨市
6074778886,静岡県 熱海市
6520850621,熊本県 熊本市
2924055459,兵庫県 神戸市
12923759602,大阪府 大阪市
9817775322,愛知県 名古屋市
6984174488,岡山県 倉敷市
9916755659,長野県 山ノ内町
6527118853,北海道 蘭越町
7247164857,宮城県 気仙沼市
6659463826,山口県 下関市
6514671908,大分県 九重町
4381665842,兵庫県 神戸市
10892409496,石川県 加賀市
12685983501,神奈川県 湯河原町
8345699417,墨田区
9817586821,愛知県 名古屋市
5659120822,北海道 稚内市
4418582189,長野県 松本市
